"club","average_wage_per_club","league_name"
"1. FC Heidenheim 1846",2309.52380952381,"German 2. Bundesliga "
"1. FC Kaiserslautern",2663.46153846154,"German 3. Bundesliga "
"1. FC Köln",11011.6279069767,"German 1. Bundesliga "
"1. FC Magdeburg",1976.74418604651,"German 3. Bundesliga "
"1. FC Nürnberg",4494.62365591398,"German 2. Bundesliga "
"1. FC Union Berlin",6400,"German 1. Bundesliga "
"1. FSV Mainz 05",11434.7826086957,"German 1. Bundesliga "
"Aalborg BK",2330.09708737864,"Danish Superliga "
"Aarhus GF",2000,"Danish Superliga "
"Aberdeen",3200,"Scottish Premiership "
"Abha Club",2714.28571428571,"Saudi Abdul L. Jameel League "
"AC Ajaccio",1594.59459459459,"French Ligue 2 "
"AC Arles Avignon",0,"French Ligue 2 "
"AC Barnechea",0,"Chilian Campeonato Nacional "
"AC Horsens",1510.20408163265,"Danish Superliga "
"Academica Clinceni",1000,"Romanian Liga I "
"Accrington Stanley",1192.30769230769,"English League One "
"AD Alcorcón",2568.96551724138,"Spanish Segunda División "
"Adanaspor",1000,"Turkish Süper Lig "
"Adelaide United",986.666666666667,"Australian Hyundai A-League "
"ADO Den Haag",3566.66666666667,"Holland Eredivisie "
"AEK Athens",1000,"Greek Super League "
"AFC Eskilstuna",1161.29032258065,"Swedish Allsvenskan "
"AFC Wimbledon",1084.21052631579,"English League One "
"AIK",1929.57746478873,"Swedish Allsvenskan "
"AJ Auxerre",2259.25925925926,"French Ligue 2 "
"Ajax",10862.5954198473,"Holland Eredivisie "
"Akhisar Belediyespor",1454.54545454545,"Turkish Süper Lig "
"Al Adalah",2750,"Saudi Abdul L. Jameel League "
"Al Ahli",6633.33333333333,"Saudi Abdul L. Jameel League "
"Al Ain FC",1000,"UAE Arabian Gulf League "
"Al Batin",1718.75,"Saudi Abdul L. Jameel League "
"Al Faisaly",1775.86206896552,"Saudi Abdul L. Jameel League "
"Al Fateh",2231.88405797101,"Saudi Abdul L. Jameel League "
"Al Fayha",3260.86956521739,"Saudi Abdul L. Jameel League "
"Al Hazem",2117.64705882353,"Saudi Abdul L. Jameel League "
"Al Hilal",8921.875,"Saudi Abdul L. Jameel League "
"Al Ittihad",5969.38775510204,"Saudi Abdul L. Jameel League "
"Al Khaleej",810.810810810811,"Saudi Abdul L. Jameel League "
"Al Nassr",3750,"Saudi Abdul L. Jameel League "
"Al Orobah",0,"Saudi Abdul L. Jameel League "
"Al Qadisiyah",2112.67605633803,"Saudi Abdul L. Jameel League "
"Al Raed",1450.70422535211,"Saudi Abdul L. Jameel League "
"Al Shabab",3516.85393258427,"Saudi Abdul L. Jameel League "
"Al Shoulla",0,"Saudi Abdul L. Jameel League "
"Al Taawoun",2013.33333333333,"Saudi Abdul L. Jameel League "
"Al Wehda",2571.42857142857,"Saudi Abdul L. Jameel League "
"Alanyaspor",2657.14285714286,"Turkish Süper Lig "
"Albacete BP",3312.5,"Spanish Segunda División "
"Albirex Niigata",1071.42857142857,"Japanese J. League Division 1 "
"Alianza Petrolera",791.208791208791,"Colombian Liga Postobón "
"América de Cali",1000,"Colombian Liga Postobón "
"América FC (Minas Gerais)",2750,"Campeonato Brasileiro Série A "
"Amiens SC",6288.13559322034,"French Ligue 1 "
"Amkar Perm",2885.71428571429,"Russian Premier League "
"Angers SCO",5972.97297297297,"French Ligue 1 "
"Antalyaspor",3794.87179487179,"Turkish Süper Lig "
"Argentina",0,"International"
"Argentinos Juniors",2200,"Argentina Primera División  "
"Arka Gdynia",1285.71428571429,"Polish T-Mobile Ekstraklasa "
"Arsenal",28921.568627451,"English Premier League "
"Arsenal de Sarandí",4012.5,"Argentina Primera División  "
"Arsenal Tula",3769.23076923077,"Russian Premier League "
"AS Béziers",1090.90909090909,"French Ligue 2 "
"AS Monaco",17857.1428571429,"French Ligue 1 "
"AS Nancy Lorraine",1696.20253164557,"French Ligue 2 "
"AS Saint-Étienne",7793.10344827586,"French Ligue 1 "
"Ascoli",1492.53731343284,"Italian Serie B "
"Associação Académica de Coimbra",3230.76923076923,"Portuguese Liga ZON SAGRES "
"Aston Villa",13318.1818181818,"English Premier League "
"Astra Giurgiu",1846.15384615385,"Romanian Liga I "
"Atalanta",13837.8378378378,"Italian Serie A "
"Athletic Club de Bilbao",15132.5301204819,"Spain Primera Division "
"Athlone Town",0,"Rep. Ireland Airtricity League "
"Atiker Konyaspor",3758.62068965517,"Turkish Süper Lig "
"Atlanta United",3195.65217391304,"USA Major League Soccer "
"Atlético Bucaramanga",1100,"Colombian Liga Postobón "
"Atlético de Rafaela",680,"Argentina Primera División  "
"Atlético de San Luis",3222.22222222222,"Mexican Liga MX "
"Atlético Huila",906.976744186047,"Colombian Liga Postobón "
"Atlético Madrid",31245.0980392157,"Spain Primera Division "
"Atlético Mineiro",16818.1818181818,"Campeonato Brasileiro Série A "
"Atlético Nacional",4840.57971014493,"Colombian Liga Postobón "
"Atlético Tucumán",1868.42105263158,"Argentina Primera División  "
"Audax Italiano",1446.15384615385,"Chilian Campeonato Nacional "
"Australia",0,"International"
"Austria",0,"International"
"Avaí FC",2200,"Campeonato Brasileiro Série A "
"Avellino",1687.5,"Italian Serie B "
"Avispa Fukuoka",1000,"Japanese J. League Division 1 "
"AZ Alkmaar",5186.4406779661,"Holland Eredivisie "
"Balıkesirspor",0,"Turkish Süper Lig "
"Bari",3225.8064516129,"Italian Serie B "
"Barnsley",2402.77777777778,"English League Championship "
"Bayer 04 Leverkusen",29625,"German 1. Bundesliga "
"Bayern München II",1166.66666666667,"German 3. Bundesliga "
"Beijing Renhe FC",1625,"Chinese Super League "
"Beijing Sinobo Guoan FC",3266.66666666667,"Chinese Super League "
"Belgrano de Córdoba",1712.32876712329,"Argentina Primera División  "
"Benevento",7523.80952380952,"Italian Serie B "
"Beşiktaş JK",16953.125,"Turkish Süper Lig "
"Bilbao Athletic",1000,"Spanish Segunda División "
"Birmingham City",4666.66666666667,"English League Championship "
"BK Häcken",1323.52941176471,"Swedish Allsvenskan "
"Blackburn Rovers",4104.7619047619,"English League Championship "
"Blackpool",1727.27272727273,"English League One "
"Boavista FC",3101.44927536232,"Portuguese Liga ZON SAGRES "
"Boca Juniors",11225.8064516129,"Argentina Primera División  "
"Bohemian FC",857.142857142857,"Rep. Ireland Airtricity League "
"Bolivia",0,"International"
"Bologna",14378.9473684211,"Italian Serie A "
"Bolton Wanderers",3675.67567567568,"English League One "
"Borussia Dortmund",25510,"German 1. Bundesliga "
"Borussia Mönchengladbach",14800,"German 1. Bundesliga "
"Botafogo",9111.11111111111,"Campeonato Brasileiro Série A "
"Bournemouth",14941.1764705882,"English Premier League "
"Boyacá Chicó FC",724.137931034483,"Colombian Liga Postobón "
"Bradford City",2025.97402597403,"English League Two "
"Bray Wanderers",750,"Rep. Ireland Airtricity League "
"Brentford",7323.07692307692,"English League Championship "
"Brescia",1971.96261682243,"Italian Serie A "
"Brighton & Hove Albion",11108.1081081081,"English Premier League "
"Brisbane Roar",1313.4328358209,"Australian Hyundai A-League "
"Bristol City",6423.42342342342,"English League Championship "
"Bristol Rovers",1684.93150684932,"English League One "
"Brøndby IF",4041.66666666667,"Danish Superliga "
"Bruk-Bet Termalica Nieciecza",1206.89655172414,"Polish T-Mobile Ekstraklasa "
"BSC Young Boys",5239.58333333333,"Swiss Super League "
"Bulgaria",0,"International"
"Burnley",4720,"English Premier League "
"Burton Albion",1500,"English League One "
"Bury",1625,"English League One "
"CA Osasuna",4072.28915662651,"Spain Primera Division "
"Cádiz CF",3183.67346938776,"Spanish Segunda División "
"Cagliari",8119.40298507463,"Italian Serie A "
"Cambridge United",1292.13483146067,"English League Two "
"Cameroon",0,"International"
"Canada",333.333333333333,"International"
"Cardiff City",6582.08955223881,"English League Championship "
"Carlisle United",1227.84810126582,"English League Two "
"Carpi",4922.07792207792,"Italian Serie B "
"Castellammare di Stabia",1000,"Italian Serie B "
"Catania",0,"Italian Serie B "
"Çaykur Rizespor",2616.66666666667,"Turkish Süper Lig "
"CD Antofagasta",898.305084745763,"Chilian Campeonato Nacional "
"CD Aves",4411.76470588235,"Portuguese Liga ZON SAGRES "
"CD Cobreloa",0,"Chilian Campeonato Nacional "
"CD Cobresal",1000,"Chilian Campeonato Nacional "
"CD Everton de Viña del Mar",1511.62790697674,"Chilian Campeonato Nacional "
"CD Feirense",3060.60606060606,"Portuguese Liga ZON SAGRES "
"CD Huachipato",1221.05263157895,"Chilian Campeonato Nacional "
"CD Leganés",6723.68421052632,"Spain Primera Division "
"CD Lugo",2409.09090909091,"Spanish Segunda División "
"CD Mirandés",1191.48936170213,"Spanish Segunda División "
"CD Nacional",5962.0253164557,"Portuguese Liga ZON SAGRES "
"CD Numancia",2865.67164179104,"Spanish Segunda División "
"CD O'Higgins",1164.55696202532,"Chilian Campeonato Nacional "
"CD Palestino",1014.28571428571,"Chilian Campeonato Nacional "
"CD Tenerife",3188.88888888889,"Spanish Segunda División "
"CD Tondela",2164.17910447761,"Portuguese Liga ZON SAGRES "
"CD Universidad de Concepción",815.789473684211,"Chilian Campeonato Nacional "
"CE Sabadell FC",0,"Spanish Segunda División "
"Celtic",12881.7204301075,"Scottish Premiership "
"Central Coast Mariners",960.526315789474,"Australian Hyundai A-League "
"Central Córdoba",2428.57142857143,"Argentina Primera División  "
"Cerezo Osaka",1346.15384615385,"Japanese J. League Division 1 "
"Cesena",1750,"Italian Serie B "
"CF Fuenlabrada",1437.5,"Spanish Segunda División "
"CF Rayo Majadahonda",5384.61538461538,"Spanish Segunda División "
"CF Reus Deportiu",2757.57575757576,"Spanish Segunda División "
"CFR Cluj",3000,"Romanian Liga I "
"Chacarita Juniors",2523.80952380952,"Argentina Primera División  "
"Chamois Niortais Football Club",1077.66990291262,"French Ligue 2 "
"Changchun Yatai FC",1444.44444444444,"Chinese Super League "
"Chapecoense",2000,"Campeonato Brasileiro Série A "
"Charlton Athletic",2896.22641509434,"English League Championship "
"Chelsea",40354.1666666667,"English Premier League "
"Cheltenham Town",1405.06329113924,"English League Two "
"Chemnitzer FC",1000,"German 3. Bundesliga "
"Chesterfield",1246.15384615385,"English League Two "
"Chicago Fire",2375,"USA Major League Soccer "
"Chievo Verona",4071.42857142857,"Italian Serie B "
"Chile",0,"International"
"China PR",0,"International"
"Chindia Târgovişte",1222.22222222222,"Romanian Liga I "
"Chivas USA",0,"USA Major League Soccer "
"Chongqing Dangdai Lifan FC SWM Team",1125,"Chinese Super League "
"Cittadella",743.243243243243,"Italian Serie B "
"Clermont Foot 63",1882.35294117647,"French Ligue 2 "
"Club América",9139.24050632911,"Mexican Liga MX "
"Club Atlas",4758.24175824176,"Mexican Liga MX "
"Club Atlético Aldosivi",1771.42857142857,"Argentina Primera División  "
"Club Atlético Banfield",3137.25490196078,"Argentina Primera División  "
"Club Atlético Colón",2707.69230769231,"Argentina Primera División  "
"Club Atlético Huracán",3190.47619047619,"Argentina Primera División  "
"Club Atlético Lanús",6000,"Argentina Primera División  "
"Club Atlético Sarmiento",1120,"Argentina Primera División  "
"Club Atlético Talleres",2959.45945945946,"Argentina Primera División  "
"Club Atlético Temperley",1589.74358974359,"Argentina Primera División  "
"Club Atlético Tigre",3716.66666666667,"Argentina Primera División  "
"Club Brugge KV",10864.5833333333,"Belgian Jupiler Pro League "
"Club Deportes Temuco",1208.33333333333,"Chilian Campeonato Nacional "
"Club León",4343.28358208955,"Mexican Liga MX "
"Club Necaxa",3333.33333333333,"Mexican Liga MX "
"Club Olimpo",1083.33333333333,"Argentina Primera División  "
"Club Tijuana",4488.37209302326,"Mexican Liga MX "
"Clube Sport Marítimo",4573.52941176471,"Portuguese Liga ZON SAGRES "
"Colchester United",1645.16129032258,"English League Two "
"Colo-Colo",3250,"Chilian Campeonato Nacional "
"Colombia",0,"International"
"Colorado Rapids",2108.10810810811,"USA Major League Soccer "
"Columbus Crew SC",2887.32394366197,"USA Major League Soccer "
"Coquimbo Unido",1000,"Chilian Campeonato Nacional "
"Córdoba CF",2083.33333333333,"Spanish Segunda División "
"Coritiba",4100,"Campeonato Brasileiro Série A "
"Cork City",840,"Rep. Ireland Airtricity League "
"Cortuluá",1566.03773584906,"Colombian Liga Postobón "
"Cosenza",3428.57142857143,"Italian Serie B "
"Côte d'Ivoire",0,"International"
"Coventry City",1622.80701754386,"English League One "
"Cracovia",1172.83950617284,"Polish T-Mobile Ekstraklasa "
"Crawley Town",1160,"English League Two "
"Crewe Alexandra",1468.25396825397,"English League Two "
"Criciúma",3600,"Campeonato Brasileiro Série B "
"Crotone",3210,"Italian Serie B "
"Crucero del Norte",1000,"Argentina Primera División  "
"Cruz Azul",8679.24528301887,"Mexican Liga MX "
"Cruzeiro",21500,"Campeonato Brasileiro Série A "
"Crystal Palace",12140.8450704225,"English Premier League "
"Cúcuta Deportivo",1055.55555555556,"Colombian Liga Postobón "
"Curicó Unido",1050,"Chilian Campeonato Nacional "
"Czech Republic",0,"International"
"Daegu FC",1186.04651162791,"Korean K League Classic "
"Dalian YiFang FC",3047.61904761905,"Chinese Super League "
"Dalkurd FF",1000,"Swedish Allsvenskan "
"Damac FC",3000,"Saudi Abdul L. Jameel League "
"DC United",3746.03174603175,"USA Major League Soccer "
"Defensa y Justicia",2521.73913043478,"Argentina Primera División  "
"Denizlispor",7000,"Turkish Süper Lig "
"Deportes Iquique",721.311475409836,"Chilian Campeonato Nacional "
"Deportes Tolima",1492.75362318841,"Colombian Liga Postobón "
"Deportivo Alavés",7725,"Spain Primera Division "
"Deportivo Cali",2339.80582524272,"Colombian Liga Postobón "
"Deportivo de La Coruña",7194.44444444444,"Spanish Segunda División "
"Deportivo Ñublense",0,"Chilian Campeonato Nacional "
"Deportivo Pasto",818.181818181818,"Colombian Liga Postobón "
"Deportivo San Marcos de Arica",535.714285714286,"Chilian Campeonato Nacional "
"Deportivo Toluca",2984.375,"Mexican Liga MX "
"Derby County",7714.28571428571,"English League Championship "
"Derry City",802.083333333333,"Rep. Ireland Airtricity League "
"Dijon FCO",4162.16216216216,"French Ligue 1 "
"Dinamo Bucureşti",1400,"Romanian Liga I "
"Dinamo Moscow",6333.33333333333,"Russian Premier League "
"Dinamo Zagreb",1000,"Croatian Prva HNL "
"Djurgårdens IF",1962.0253164557,"Swedish Allsvenskan "
"Doncaster Rovers",1609.52380952381,"English League One "
"Dorados de Sinaloa",1000,"Mexican Liga MX "
"Drogheda United",702.127659574468,"Rep. Ireland Airtricity League "
"DSC Arminia Bielefeld",3296.2962962963,"German 2. Bundesliga "
"Dundalk",897.058823529412,"Rep. Ireland Airtricity League "
"Dynamo Kyiv",1000,"Ukrainian Premier League "
"Ecuador",0,"International"
"Egypt",0,"International"
"Eintracht Braunschweig",3098.9010989011,"German 3. Bundesliga "
"Eintracht Frankfurt",13138.2978723404,"German 1. Bundesliga "
"Elche CF",3258.06451612903,"Spanish Segunda División "
"Empoli",5086.53846153846,"Italian Serie B "
"En Avant de Guingamp",5028.57142857143,"French Ligue 2 "
"Envigado FC",975,"Colombian Liga Postobón "
"Esbjerg fB",1291.66666666667,"Danish Superliga "
"Eskişehirspor",4962.96296296296,"Turkish Süper Lig "
"ESTAC Troyes",3209.87654320988,"French Ligue 2 "
"Estudiantes de La Plata",4187.5,"Argentina Primera División  "
"Ettifaq FC",2709.67741935484,"Saudi Abdul L. Jameel League "
"Everton",30935.4838709677,"English Premier League "
"Évian Thonon Gaillard FC",3093.75,"French Ligue 2 "
"Excelsior",1600,"Holland Eredivisie "
"Exeter City",1274.72527472527,"English League Two "
"Extremadura UD",2450,"Spanish Segunda División "
"Falkenbergs FF",714.285714285714,"Swedish Allsvenskan "
"Famalicão",3550,"Portuguese Liga ZON SAGRES "
"FC Admira Wacker Mödling",1348.21428571429,"Austrian Football Bundesliga "
"FC Anzhi Makhachkala",7372.09302325581,"Russian Premier League "
"FC Arouca",944.444444444444,"Portuguese Liga ZON SAGRES "
"FC Augsburg",7816.09195402299,"German 1. Bundesliga "
"FC Barcelona",64885.0574712644,"Spain Primera Division "
"FC Barcelona B",1982.14285714286,"Spanish Segunda División "
"FC Basel 1893",8825,"Swiss Super League "
"FC Bayern München",43613.3333333333,"German 1. Bundesliga "
"FC Botoşani",1615.38461538462,"Romanian Liga I "
"FC Carl Zeiss Jena",1166.66666666667,"German 3. Bundesliga "
"FC Chambly Oise",1142.85714285714,"French Ligue 2 "
"FC Cincinnati",1875,"USA Major League Soccer "
"FC Dallas",2988.23529411765,"USA Major League Soccer "
"FC Dordrecht",0,"Holland Eredivisie "
"FC Emmen",1571.42857142857,"Holland Eredivisie "
"FC Energie Cottbus",1000,"German 3. Bundesliga "
"FC Erzgebirge Aue",1352.11267605634,"German 2. Bundesliga "
"FC Girondins de Bordeaux",11447.3684210526,"French Ligue 1 "
"FC Groningen",3854.54545454545,"Holland Eredivisie "
"FC Hansa Rostock",1121.9512195122,"German 3. Bundesliga "
"FC Helsingør",1222.22222222222,"Danish Superliga "
"FC Hermannstadt",1000,"Romanian Liga I "
"FC Ingolstadt 04",5588.23529411765,"German 3. Bundesliga "
"FC Juárez",3000,"Mexican Liga MX "
"FC København",6569.62025316456,"Danish Superliga "
"FC Krasnodar",5441.17647058824,"Russian Premier League "
"FC Lausanne-Sport",1866.66666666667,"Swiss Super League "
"FC Lorient",3802.1978021978,"French Ligue 2 "
"FC Lugano",1907.89473684211,"Swiss Super League "
"FC Luzern",1817.20430107527,"Swiss Super League "
"FC Metz",3330.09708737864,"French Ligue 1 "
"FC Midtjylland",4604.6511627907,"Danish Superliga "
"FC Nantes",7636.36363636364,"French Ligue 1 "
"FC Nordsjælland",1823.07692307692,"Danish Superliga "
"FC Orenburg",1200,"Russian Premier League "
"FC Paços de Ferreira",4074.62686567164,"Portuguese Liga ZON SAGRES "
"FC Penafiel",0,"Portuguese Liga ZON SAGRES "
"FC Porto",17149.4252873563,"Portuguese Liga ZON SAGRES "
"FC Pro Vercelli 1892",1073.52941176471,"Italian Serie B "
"FC Red Bull Salzburg",8045.45454545455,"Austrian Football Bundesliga "
"FC Rostov",4950,"Russian Premier League "
"FC Rot-Weiß Erfurt",1294.11764705882,"German 3. Bundesliga "
"FC Schalke 04",18623.6559139785,"German 1. Bundesliga "
"FC Seoul",2466.66666666667,"Korean K League Classic "
"FC Sion",4264.36781609195,"Swiss Super League "
"FC Sochaux-Montbéliard",2075.47169811321,"French Ligue 2 "
"FC St. Gallen",2256.09756097561,"Swiss Super League "
"FC St. Pauli",3428.57142857143,"German 2. Bundesliga "
"FC Thun",2108.69565217391,"Swiss Super League "
"FC Tokyo",1469.38775510204,"Japanese J. League Division 1 "
"FC Tom Tomsk",1000,"Russian Premier League "
"FC Tosno",9181.81818181818,"Russian Premier League "
"FC Twente",4647.05882352941,"Holland Eredivisie "
"FC Ufa",2170.73170731707,"Russian Premier League "
"FC Ural Yekaterinburg",2534.48275862069,"Russian Premier League "
"FC Utrecht",4925.92592592593,"Holland Eredivisie "
"FC Vestsjælland",0,"Danish Superliga "
"FC Viitorul",2055.55555555556,"Romanian Liga I "
"FC Voluntari",1214.28571428571,"Romanian Liga I "
"FC Wacker Innsbruck",2176.47058823529,"Austrian Football Bundesliga "
"FC Würzburger Kickers",1338.46153846154,"German 3. Bundesliga "
"FC Zürich",2041.66666666667,"Swiss Super League "
"FCSB (Steaua)",5363.63636363636,"Romanian Liga I "
"Fenerbahçe SK",16869.5652173913,"Turkish Süper Lig "
"Feyenoord",7622.44897959184,"Holland Eredivisie "
"Figueirense",3833.33333333333,"Campeonato Brasileiro Série A "
"Finland",0,"International"
"Finn Harps",1000,"Rep. Ireland Airtricity League "
"Fiorentina",20892.8571428571,"Italian Serie A "
"FK Austria Wien",3628.86597938144,"Austrian Football Bundesliga "
"FK Bodø/Glimt",845.070422535211,"Norwegian Eliteserien "
"FK Haugesund",1181.81818181818,"Norwegian Eliteserien "
"Fleetwood Town",1495.0495049505,"English League One "
"Fluminense",8111.11111111111,"Campeonato Brasileiro Série A "
"Foggia",1600,"Italian Serie B "
"Football Bourg En Bresse Peronnas 01",1296.2962962963,"French Ligue 2 "
"Forest Green Rovers",2714.28571428571,"English League Two "
"Fortaleza CEIF",652.173913043478,"Colombian Liga Postobón "
"Fortuna Düsseldorf",7212.12121212121,"German 1. Bundesliga "
"Fortuna Sittard",2714.28571428571,"Holland Eredivisie "
"Frosinone",3883.33333333333,"Italian Serie B "
"FSV Frankfurt",772.727272727273,"German 2. Bundesliga "
"FSV Zwickau",1054.05405405405,"German 3. Bundesliga "
"Fulham",11642.1052631579,"English League Championship "
"Galatasaray SK",16160.7142857143,"Turkish Süper Lig "
"Gamba Osaka",2366.66666666667,"Japanese J. League Division 1 "
"Gangwon FC",1250,"Korean K League Classic "
"Gaz Metan Mediaş",1416.66666666667,"Romanian Liga I "
"Gaziantepspor",3108.10810810811,"Turkish Süper Lig "
"Gazişehir Gaziantep F.K.",2400,"Turkish Süper Lig "
"Gefle IF",825,"Swedish Allsvenskan "
"Gençlerbirliği SK",3500,"Turkish Süper Lig "
"Genoa",9573.17073170732,"Italian Serie A "
"Getafe CF",10230.7692307692,"Spain Primera Division "
"GFC Ajaccio",3020.40816326531,"French Ligue 2 "
"Gil Vicente FC",1500,"Portuguese Liga ZON SAGRES "
"Gillingham",1287.12871287129,"English League One "
"Gimnasia y Esgrima La Plata",2185.56701030928,"Argentina Primera División  "
"Gimnàstic de Tarragona",3403.50877192982,"Spanish Segunda División "
"Girona FC",9680,"Spanish Segunda División "
"GKS Bełchatów",0,"Polish T-Mobile Ekstraklasa "
"Go Ahead Eagles",531.25,"Holland Eredivisie "
"Godoy Cruz",2191.66666666667,"Argentina Primera División  "
"Goiás",3500,"Campeonato Brasileiro Série A "
"Górnik Łęczna",750,"Polish T-Mobile Ekstraklasa "
"Górnik Zabrze",1111.11111111111,"Polish T-Mobile Ekstraklasa "
"Göztepe SK",4464.28571428571,"Turkish Süper Lig "
"Granada CF",6082.47422680412,"Spain Primera Division "
"Grasshopper Club Zürich",3132.53012048193,"Swiss Super League "
"Greece",0,"International"
"Grêmio",21555.5555555556,"Campeonato Brasileiro Série A "
"Grenoble Foot 38",1250,"French Ligue 2 "
"Grimsby Town",1407.40740740741,"English League Two "
"Guadalajara",7688.88888888889,"Mexican Liga MX "
"Guangzhou Evergrande Taobao FC",3652.17391304348,"Chinese Super League "
"Guangzhou R&F FC",1611.11111111111,"Chinese Super League "
"GwangJu FC",1063.82978723404,"Korean K League Classic "
"Gyeongnam FC",851.851851851852,"Korean K League Classic "
"Hajer",500,"Saudi Abdul L. Jameel League "
"Hallescher FC",1044.44444444444,"German 3. Bundesliga "
"Hamburger SV",7757.28155339806,"German 2. Bundesliga "
"Hamilton Academical FC",980.19801980198,"Scottish Premiership "
"Hammarby IF",1695.65217391304,"Swedish Allsvenskan "
"Hannover 96",8731.9587628866,"German 2. Bundesliga "
"Hartlepool United",680,"English League Two "
"Heart of Midlothian",2410.25641025641,"Scottish Premiership "
"Hebei China Fortune FC",1666.66666666667,"Chinese Super League "
"Hellas Verona",6583.33333333333,"Italian Serie A "
"Helsingborgs IF",1333.33333333333,"Swedish Allsvenskan "
"Henan Jianye FC",3411.76470588235,"Chinese Super League "
"Heracles Almelo",3091.74311926606,"Holland Eredivisie "
"Hertha BSC",12056.8181818182,"German 1. Bundesliga "
"Hibernian",3766.66666666667,"Scottish Premiership "
"HJK Helsinki",1000,"Finnish Veikkausliiga "
"Hobro IK",1127.27272727273,"Danish Superliga "
"Hokkaido Consadole Sapporo",1285.71428571429,"Japanese J. League Division 1 "
"Holstein Kiel",3576.92307692308,"German 2. Bundesliga "
"Houston Dynamo",3125,"USA Major League Soccer "
"Huddersfield Town",6904.7619047619,"English League Championship "
"Hull City",4322.58064516129,"English League Championship "
"Hungary",0,"International"
"Iceland",0,"International"
"IF Brommapojkarna",366.666666666667,"Swedish Allsvenskan "
"IF Elfsborg",2025.97402597403,"Swedish Allsvenskan "
"IFK Göteborg",1787.87878787879,"Swedish Allsvenskan "
"IFK Norrköping",1677.77777777778,"Swedish Allsvenskan "
"IK Sirius",1000,"Swedish Allsvenskan "
"IK Start",872.727272727273,"Norwegian Eliteserien "
"Incheon United FC",985.714285714286,"Korean K League Classic "
"Independiente",7215.18987341772,"Argentina Primera División  "
"Independiente Medellín",1805.55555555556,"Colombian Liga Postobón "
"Independiente Santa Fe",4957.14285714286,"Colombian Liga Postobón "
"India",0,"International"
"Inter",30253.3333333333,"Italian Serie A "
"Internacional",20571.4285714286,"Campeonato Brasileiro Série A "
"Ipswich Town",3941.17647058824,"English League One "
"Itagüí Leones FC",1000,"Colombian Liga Postobón "
"Jagiellonia Białystok",1253.16455696203,"Polish T-Mobile Ekstraklasa "
"Jaguares de Chiapas",1166.66666666667,"Mexican Liga MX "
"Jaguares de Córdoba",1058.82352941176,"Colombian Liga Postobón "
"Jeju United FC",1295.08196721311,"Korean K League Classic "
"Jeonbuk Hyundai Motors",3634.14634146341,"Korean K League Classic "
"Jeonnam Dragons",1145.16129032258,"Korean K League Classic "
"Jiangsu Suning FC",2434.78260869565,"Chinese Super League "
"Joinville",2800,"Campeonato Brasileiro Série B "
"Jönköpings Södra IF",1000,"Swedish Allsvenskan "
"Júbilo Iwata",1000,"Japanese J. League Division 1 "
"Junior FC",1800,"Colombian Liga Postobón "
"Juventus",55551.724137931,"Italian Serie A "
"KAA Gent",9602.40963855422,"Belgian Jupiler Pro League "
"Kaizer Chiefs",1897.95918367347,"South African Premier Division "
"Kalmar FF",1410.25641025641,"Swedish Allsvenskan "
"Kardemir Karabükspor",1217.39130434783,"Turkish Süper Lig "
"Karlsruher SC",2111.11111111111,"German 2. Bundesliga "
"KAS Eupen",2893.93939393939,"Belgian Jupiler Pro League "
"Kashima Antlers",2948.27586206897,"Japanese J. League Division 1 "
"Kashiwa Reysol",3707.31707317073,"Japanese J. League Division 1 "
"Kasimpaşa SK",3492.06349206349,"Turkish Süper Lig "
"Kawasaki Frontale",2216.21621621622,"Japanese J. League Division 1 "
"Kayserispor",5489.36170212766,"Turkish Süper Lig "
"KFC Uerdingen 05",1352.94117647059,"German 3. Bundesliga "
"Kilmarnock",1449.54128440367,"Scottish Premiership "
"Korona Kielce",1041.66666666667,"Polish T-Mobile Ekstraklasa "
"KRC Genk",5745.61403508772,"Belgian Jupiler Pro League "
"Kristiansund BK",1076.92307692308,"Norwegian Eliteserien "
"Krylya Sovetov Samara",2454.54545454545,"Russian Premier League "
"KSV Cercle Brugge",3580,"Belgian Jupiler Pro League "
"Kuban Krasnodar",2705.88235294118,"Russian Premier League "
"KV Kortrijk",3161.76470588235,"Belgian Jupiler Pro League "
"KV Mechelen",3638.55421686747,"Belgian Jupiler Pro League "
"KV Oostende",4000,"Belgian Jupiler Pro League "
"La Berrichonne de Châteauroux",1266.66666666667,"French Ligue 2 "
"La Equidad",971.014492753623,"Colombian Liga Postobón "
"LA Galaxy",2881.35593220339,"USA Major League Soccer "
"LASK Linz",2619.04761904762,"Austrian Football Bundesliga "
"Latina",864.864864864865,"Italian Serie B "
"Lazio",25308.5106382979,"Italian Serie A "
"Le Havre AC",1644.23076923077,"French Ligue 2 "
"Le Mans FC",1111.11111111111,"French Ligue 2 "
"Lecce",3526.31578947368,"Italian Serie A "
"Lech Poznań",2666.66666666667,"Polish T-Mobile Ekstraklasa "
"Lechia Gdańsk",1632.18390804598,"Polish T-Mobile Ekstraklasa "
"Leeds United",7116.50485436893,"English League Championship "
"Legia Warszawa",4736.84210526316,"Polish T-Mobile Ekstraklasa "
"Leicester City",20000,"English Premier League "
"Leones Negros de la UdeG",0,"Mexican Liga MX "
"Levante UD",10000,"Spain Primera Division "
"Leyton Orient",1150.94339622642,"English League Two "
"Lillestrøm SK",1397.59036144578,"Norwegian Eliteserien "
"Limerick FC",736.842105263158,"Rep. Ireland Airtricity League "
"Lincoln City",2842.10526315789,"English League One "
"Liverpool",35111.1111111111,"English Premier League "
"Livingston FC",1384.61538461538,"Scottish Premiership "
"Livorno",1966.10169491525,"Italian Serie B "
"LKS Lodz",1000,"Polish T-Mobile Ekstraklasa "
"Lobos BUAP",4526.31578947368,"Mexican Liga MX "
"Lokomotiv Moscow",4326.92307692308,"Russian Premier League "
"Los Angeles FC",2904.7619047619,"USA Major League Soccer "
"LOSC Lille",12261.2612612613,"French Ligue 1 "
"Luton Town",1764.70588235294,"English League Championship "
"Lyngby BK",1290.32258064516,"Danish Superliga "
"Macclesfield Town",1423.07692307692,"English League Two "
"Málaga CF",6901.0989010989,"Spanish Segunda División "
"Malmö FF",2871.79487179487,"Swedish Allsvenskan "
"Manchester City",45793.8144329897,"English Premier League "
"Manchester United",42333.3333333333,"English Premier League "
"Mansfield Town",1928.57142857143,"English League Two "
"Matsumoto Yamaga",1000,"Japanese J. League Division 1 "
"Medipol Başakşehir FK",7588.23529411765,"Turkish Süper Lig "
"Melbourne City FC",1370.96774193548,"Australian Hyundai A-League "
"Melbourne Victory",1545.45454545455,"Australian Hyundai A-League "
"Mersin İdman Yurdu",2380.95238095238,"Turkish Süper Lig "
"Middlesbrough",6267.44186046512,"English League Championship "
"Miedź Legnica",1000,"Polish T-Mobile Ekstraklasa "
"Milan",38545.4545454545,"Italian Serie A "
"Millwall",3034.48275862069,"English League Championship "
"Milton Keynes Dons",2465.34653465347,"English League One "
"Minnesota United FC",1571.42857142857,"USA Major League Soccer "
"Mjällby AIF",0,"Swedish Allsvenskan "
"Mjøndalen IF",1052.63157894737,"Norwegian Eliteserien "
"MKE Ankaragücü",3666.66666666667,"Turkish Süper Lig "
"Molde FK",2769.23076923077,"Norwegian Eliteserien "
"Monarcas Morelia",2618.42105263158,"Mexican Liga MX "
"Monterrey",10012.6582278481,"Mexican Liga MX "
"Montpellier HSC",7231.70731707317,"French Ligue 1 "
"Montreal Impact",2164.38356164384,"USA Major League Soccer "
"Mordovia Saransk",700,"Russian Premier League "
"Morecambe",976.470588235294,"English League Two "
"Moreirense FC",2269.23076923077,"Portuguese Liga ZON SAGRES "
"Motherwell",1294.11764705882,"Scottish Premiership "
"MSV Duisburg",2452.83018867925,"German 3. Bundesliga "
"NAC Breda",3232.14285714286,"Holland Eredivisie "
"Nagoya Grampus",1388.88888888889,"Japanese J. League Division 1 "
"Najran SC",600,"Saudi Abdul L. Jameel League "
"Napoli",32140.625,"Italian Serie A "
"NEC Nijmegen",3583.33333333333,"Holland Eredivisie "
"Netherlands",0,"International"
"Neuchâtel Xamax",1058.82352941176,"Swiss Super League "
"New England Revolution",2409.83606557377,"USA Major League Soccer "
"New York City FC",4163.63636363636,"USA Major League Soccer "
"New York Red Bulls",1975,"USA Major League Soccer "
"New Zealand",0,"International"
"Newcastle Jets",853.333333333333,"Australian Hyundai A-League "
"Newcastle United",15752.5773195876,"English Premier League "
"Newell's Old Boys",3884.61538461538,"Argentina Primera División  "
"Newport County",1391.89189189189,"English League Two "
"Nîmes Olympique",3138.29787234043,"French Ligue 1 "
"Northampton Town",1759.49367088608,"English League Two "
"Norwich City",7671.42857142857,"English Premier League "
"Nottingham Forest",10333.3333333333,"English League Championship "
"Notts County",2016.12903225806,"English League Two "
"Novara",2777.77777777778,"Italian Serie B "
"Nueva Chicago",1000,"Argentina Primera División  "
"Odds BK",1116.88311688312,"Norwegian Eliteserien "
"Odense Boldklub",2216.86746987952,"Danish Superliga "
"OGC Nice",9398.4962406015,"French Ligue 1 "
"Ohod Club",2740.74074074074,"Saudi Abdul L. Jameel League "
"Oita Trinita",1083.33333333333,"Japanese J. League Division 1 "
"Oldham Athletic",1500,"English League Two "
"Olympiacos CFP",7571.42857142857,"Greek Super League "
"Olympique de Marseille",12956.5217391304,"French Ligue 1 "
"Olympique Lyonnais",24813.9534883721,"French Ligue 1 "
"Omiya Ardija",1047.61904761905,"Japanese J. League Division 1 "
"Once Caldas",2136.98630136986,"Colombian Liga Postobón "
"Örebro SK",1260.27397260274,"Swedish Allsvenskan "
"Orlando City SC",2428.57142857143,"USA Major League Soccer "
"Orlando Pirates",3469.38775510204,"South African Premier Division "
"Os Belenenses",4426.66666666667,"Portuguese Liga ZON SAGRES "
"Osmanlıspor",3916.66666666667,"Turkish Süper Lig "
"Östersunds FK",1462.96296296296,"Swedish Allsvenskan "
"Oxford United",1829.78723404255,"English League One "
"Pachuca",5416.66666666667,"Mexican Liga MX "
"Padova",4533.33333333333,"Italian Serie B "
"Palermo",4246.57534246575,"Italian Serie B "
"Palmeiras",8500,"Campeonato Brasileiro Série A "
"Panathinaikos FC",3522.22222222222,"Greek Super League "
"PAOK",3390.625,"Greek Super League "
"Paraguay",0,"International"
"Paris FC",1589.74358974359,"French Ligue 2 "
"Paris Saint-Germain",37576.0869565217,"French Ligue 1 "
"Parma",8485.71428571429,"Italian Serie A "
"Patriotas Boyacá FC",931.818181818182,"Colombian Liga Postobón "
"Patronato",2548.38709677419,"Argentina Primera División  "
"PEC Zwolle",3385.32110091743,"Holland Eredivisie "
"Perth Glory",1105.26315789474,"Australian Hyundai A-League "
"Peru",0,"International"
"Perugia",2670.1030927835,"Italian Serie B "
"Pescara",2628.57142857143,"Italian Serie B "
"Peterborough United",1895.16129032258,"English League One "
"PFC CSKA Moscow",6900,"Russian Premier League "
"Philadelphia Union",1972.97297297297,"USA Major League Soccer "
"Piast Gliwice",1197.36842105263,"Polish T-Mobile Ekstraklasa "
"Pisa",1000,"Italian Serie B "
"Plymouth Argyle",1474.35897435897,"English League Two "
"Podbeskidzie Bielsko-Biała",666.666666666667,"Polish T-Mobile Ekstraklasa "
"Pogoń Szczecin",1806.81818181818,"Polish T-Mobile Ekstraklasa "
"Pohang Steelers",3355.26315789474,"Korean K League Classic "
"Poland",0,"International"
"Politehnica Iaşi",1285.71428571429,"Romanian Liga I "
"Ponte Preta",7400,"Campeonato Brasileiro Série A "
"Pordenone",1100,"Italian Serie B "
"Port Vale",1688.31168831169,"English League Two "
"Portimonense SC",3857.14285714286,"Portuguese Liga ZON SAGRES "
"Portland Timbers",3537.31343283582,"USA Major League Soccer "
"Portsmouth",1935.48387096774,"English League One "
"Preston North End",4268.29268292683,"English League Championship "
"PSV",11932.3308270677,"Holland Eredivisie "
"Puebla FC",1800,"Mexican Liga MX "
"Queens Park Rangers",3434.78260869565,"English League Championship "
"Querétaro",2694.44444444444,"Mexican Liga MX "
"Quilmes Atlético Club",608.695652173913,"Argentina Primera División  "
"Racing Club",5521.73913043478,"Argentina Primera División  "
"Racing Club de Lens",2815.21739130435,"French Ligue 2 "
"Racing Santander",760,"Spanish Segunda División "
"Raków Częstochowa",1000,"Polish T-Mobile Ekstraklasa "
"Randers FC",1662.79069767442,"Danish Superliga "
"Rangers FC",9484.84848484848,"Scottish Premiership "
"Ranheim Fotball",1000,"Norwegian Eliteserien "
"Rayo Vallecano",7629.62962962963,"Spanish Segunda División "
"RB Leipzig",16579.3650793651,"German 1. Bundesliga "
"RC Celta",10104,"Spain Primera Division "
"RC Strasbourg Alsace",6244.89795918367,"French Ligue 1 "
"RCD Espanyol",9696.62921348315,"Spain Primera Division "
"RCD Mallorca",3000,"Spain Primera Division "
"Reading",7800,"English League Championship "
"Real Betis",7743.58974358974,"Spain Primera Division "
"Real Madrid",48580.9523809524,"Spain Primera Division "
"Real Oviedo",2630.76923076923,"Spanish Segunda División "
"Real Salt Lake",2562.5,"USA Major League Soccer "
"Real Sociedad",13878.5046728972,"Spain Primera Division "
"Real Sporting de Gijón",5237.11340206186,"Spanish Segunda División "
"Real Valladolid CF",6172.04301075269,"Spain Primera Division "
"Real Zaragoza",3590,"Spanish Segunda División "
"Red Star FC",1225,"French Ligue 2 "
"Rio Ave FC",3553.39805825243,"Portuguese Liga ZON SAGRES "
"Rionegro Águilas",913.793103448276,"Colombian Liga Postobón "
"River Plate",8540.54054054054,"Argentina Primera División  "
"RKC Waalwijk",1466.66666666667,"Holland Eredivisie "
"Rochdale",1340.90909090909,"English League One "
"Roda JC Kerkrade",4046.51162790698,"Holland Eredivisie "
"Rodez Aveyron Football",1000,"French Ligue 2 "
"Roma",25600,"Italian Serie A "
"Romania",0,"International"
"Rosario Central",2487.80487804878,"Argentina Primera División  "
"Rosenborg BK",3128.20512820513,"Norwegian Eliteserien "
"Ross County FC",983.333333333333,"Scottish Premiership "
"Rotherham United",2604.93827160494,"English League One "
"Royal Antwerp FC",5157.8947368421,"Belgian Jupiler Pro League "
"Royal Excel Mouscron",2036.03603603604,"Belgian Jupiler Pro League "
"RSC Anderlecht",9315.21739130435,"Belgian Jupiler Pro League "
"Rubin Kazan",9396.22641509434,"Russian Premier League "
"Sagan Tosu",1200,"Japanese J. League Division 1 "
"Salford City",2428.57142857143,"English League Two "
"Sampdoria",12043.956043956,"Italian Serie A "
"San Jose Earthquakes",1983.87096774194,"USA Major League Soccer "
"San Lorenzo de Almagro",5363.63636363636,"Argentina Primera División  "
"San Luis de Quillota",1113.63636363636,"Chilian Campeonato Nacional "
"San Martín de San Juan",1925,"Argentina Primera División  "
"San Martin de Tucumán",2375,"Argentina Primera División  "
"Sandecja Nowy Sącz",1363.63636363636,"Polish T-Mobile Ekstraklasa "
"Sandnes Ulf",0,"Norwegian Eliteserien "
"Sanfrecce Hiroshima",1937.5,"Japanese J. League Division 1 "
"Sangju Sangmu FC",642.857142857143,"Korean K League Classic "
"Santa Clara",2375,"Portuguese Liga ZON SAGRES "
"Santa Cruz",3166.66666666667,"Campeonato Brasileiro Série A "
"Santiago Wanderers",1037.03703703704,"Chilian Campeonato Nacional "
"Santos",9125,"Campeonato Brasileiro Série A "
"Santos Laguna",6935.48387096774,"Mexican Liga MX "
"São Paulo",12000,"Campeonato Brasileiro Série A "
"Sarpsborg 08 FF",1000,"Norwegian Eliteserien "
"Sassuolo",17949.3670886076,"Italian Serie A "
"SC Braga",13138.2978723404,"Portuguese Liga ZON SAGRES "
"SC Fortuna Köln",1040,"German 3. Bundesliga "
"SC Freiburg",6961.53846153846,"German 1. Bundesliga "
"SC Heerenveen",4227.64227642276,"Holland Eredivisie "
"SC Paderborn 07",3109.75609756098,"German 1. Bundesliga "
"SC Preußen Münster",1127.65957446809,"German 3. Bundesliga "
"SC Wiener Neustadt",0,"Austrian Football Bundesliga "
"SCR Altach",1470.58823529412,"Austrian Football Bundesliga "
"Scunthorpe United",2063.82978723404,"English League Two "
"SD Eibar",7611.11111111111,"Spain Primera Division "
"SD Huesca",4738.46153846154,"Spanish Segunda División "
"SD Ponferradina",1111.11111111111,"Spanish Segunda División "
"Seattle Sounders FC",2228.0701754386,"USA Major League Soccer "
"Sepsi OSK",2000,"Romanian Liga I "
"Servette FC",1636.36363636364,"Swiss Super League "
"Sevilla Atlético",1690.90909090909,"Spanish Segunda División "
"Sevilla FC",12870.1298701299,"Spain Primera Division "
"SG Dynamo Dresden",4254.23728813559,"German 2. Bundesliga "
"SG Sonnenhof Großaspach",1022.72727272727,"German 3. Bundesliga "
"Shakhtar Donetsk",9937.5,"Ukrainian Premier League "
"Shamrock Rovers",860.759493670886,"Rep. Ireland Airtricity League "
"Shandong Luneng TaiShan FC",3555.55555555556,"Chinese Super League "
"Shanghai Greenland Shenhua FC",1461.53846153846,"Chinese Super League "
"Shanghai SIPG FC",2047.61904761905,"Chinese Super League "
"Sheffield United",4974.6835443038,"English Premier League "
"Sheffield Wednesday",6920.63492063492,"English League Championship "
"Shimizu S-Pulse",2250,"Japanese J. League Division 1 "
"Shrewsbury",1511.36363636364,"English League One "
"Silkeborg IF",1174.60317460317,"Danish Superliga "
"Sint-Truidense VV",3222.22222222222,"Belgian Jupiler Pro League "
"Sivasspor",3531.91489361702,"Turkish Süper Lig "
"SK Brann",1061.22448979592,"Norwegian Eliteserien "
"SK Rapid Wien",4862.38532110092,"Austrian Football Bundesliga "
"SK Slavia Praha",1000,"Czech Republic Gambrinus Liga "
"SK Sturm Graz",2710.84337349398,"Austrian Football Bundesliga "
"SKA Khabarovsk",3636.36363636364,"Russian Premier League "
"SKN St. Pölten",2220,"Austrian Football Bundesliga "
"SL Benfica",17297.619047619,"Portuguese Liga ZON SAGRES "
"Sligo Rovers",860.46511627907,"Rep. Ireland Airtricity League "
"Slovenia",0,"International"
"SønderjyskE",1430.76923076923,"Danish Superliga "
"South Africa",0,"International"
"Southampton",17526.7857142857,"English Premier League "
"Southend United",1142.85714285714,"English League One "
"SPAL",7290.90909090909,"Italian Serie A "
"Sparta Praha",1000,"Czech Republic Gambrinus Liga "
"Sparta Rotterdam",1943.39622641509,"Holland Eredivisie "
"Spartak Moscow",9733.33333333333,"Russian Premier League "
"Spezia",2195.65217391304,"Italian Serie B "
"Sport Club do Recife",5000,"Campeonato Brasileiro Série A "
"Sporting CP",17878.0487804878,"Portuguese Liga ZON SAGRES "
"Sporting Kansas City",2112.90322580645,"USA Major League Soccer "
"Sporting Lokeren",3289.85507246377,"Belgian Jupiler Pro League "
"SpVgg Greuther Fürth",2871.55963302752,"German 2. Bundesliga "
"SpVgg Unterhaching",1152.17391304348,"German 3. Bundesliga "
"SS Virtus Lanciano",444.444444444444,"Italian Serie B "
"St. Johnstone FC",1097.22222222222,"Scottish Premiership "
"St. Mirren",1043.47826086957,"Scottish Premiership "
"St. Patrick's Athletic",838.235294117647,"Rep. Ireland Airtricity League "
"Stabæk Fotball",1650.94339622642,"Norwegian Eliteserien "
"Stade Brestois 29",2923.07692307692,"French Ligue 1 "
"Stade de Reims",6568.18181818182,"French Ligue 1 "
"Stade Rennais FC",9967.74193548387,"French Ligue 1 "
"Standard de Liège",7726.31578947368,"Belgian Jupiler Pro League "
"Stevenage",1180.85106382979,"English League Two "
"Stoke City",15130.4347826087,"English League Championship "
"Strømsgodset IF",2202.53164556962,"Norwegian Eliteserien "
"Sunderland",5647.72727272727,"English League One "
"Suwon FC",1000,"Korean K League Classic "
"Suwon Samsung Bluewings",1854.83870967742,"Korean K League Classic "
"SV Darmstadt 98",4380.95238095238,"German 2. Bundesliga "
"SV Grödig",459.459459459459,"Austrian Football Bundesliga "
"SV Mattersburg",2967.74193548387,"Austrian Football Bundesliga "
"SV Meppen",1325,"German 3. Bundesliga "
"SV Sandhausen",1714.28571428571,"German 2. Bundesliga "
"SV Waldhof Mannheim",1000,"German 3. Bundesliga "
"SV Wehen Wiesbaden",2130.4347826087,"German 2. Bundesliga "
"SV Werder Bremen",8842.69662921348,"German 1. Bundesliga "
"SV Werder Bremen II",1000,"German 3. Bundesliga "
"SV Zulte-Waregem",4091.95402298851,"Belgian Jupiler Pro League "
"Swansea City",8723.40425531915,"English League Championship "
"Sweden",0,"International"
"Swindon Town",1390.24390243902,"English League Two "
"Switzerland",0,"International"
"Sydney FC",1406.77966101695,"Australian Hyundai A-League "
"Terek Grozny",4458.33333333333,"Russian Premier League "
"Ternana",1121.62162162162,"Italian Serie B "
"Tianjin TEDA FC",2578.94736842105,"Chinese Super League "
"Tiburones Rojos de Veracruz",1869.5652173913,"Mexican Liga MX "
"Tigres FC",1000,"Colombian Liga Postobón "
"Tigres U.A.N.L.",10647.0588235294,"Mexican Liga MX "
"Toronto FC",2057.14285714286,"USA Major League Soccer "
"Torpedo Moscow",0,"Russian Premier League "
"Tottenham Hotspur",33282.0512820513,"English Premier League "
"Toulouse Football Club",9252.17391304348,"French Ligue 1 "
"Tours FC",1984.61538461538,"French Ligue 2 "
"Trabzonspor",11575,"Turkish Süper Lig "
"Tranmere Rovers",975.609756097561,"English League One "
"Trapani",930.232558139535,"Italian Serie B "
"Tromsø IL",1602.7397260274,"Norwegian Eliteserien "
"TSG 1899 Hoffenheim",13527.4725274725,"German 1. Bundesliga "
"TSV 1860 München",1666.66666666667,"German 3. Bundesliga "
"TSV Hartberg",1407.40740740741,"Austrian Football Bundesliga "
"U.N.A.M.",4388.88888888889,"Mexican Liga MX "
"UCAM Murcia CF",1250,"Spanish Segunda División "
"UCD AFC",512.19512195122,"Rep. Ireland Airtricity League "
"UD Almería",3666.66666666667,"Spanish Segunda División "
"UD Las Palmas",7597.22222222222,"Spanish Segunda División "
"Udinese",11155.9633027523,"Italian Serie A "
"UE Llagostera",500,"Spanish Segunda División "
"Ulsan Hyundai FC",2622.64150943396,"Korean K League Classic "
"União da Madeira",1384.61538461538,"Portuguese Liga ZON SAGRES "
"Unión de Santa Fe",2042.25352112676,"Argentina Primera División  "
"Unión Española",1849.31506849315,"Chilian Campeonato Nacional "
"Unión La Calera",828.571428571429,"Chilian Campeonato Nacional "
"Unión Magdalena",1000,"Colombian Liga Postobón "
"Universidad Católica",4666.66666666667,"Chilian Campeonato Nacional "
"Universidad de Chile",6435.48387096774,"Chilian Campeonato Nacional "
"Universitatea Craiova",2800,"Romanian Liga I "
"Urawa Red Diamonds",2391.30434782609,"Japanese J. League Division 1 "
"US Cremonese",5500,"Italian Serie B "
"US Quevilly Rouen Métropole",1357.14285714286,"French Ligue 2 "
"US Salernitana 1919",2862.74509803922,"Italian Serie B "
"V-Varen Nagasaki",1090.90909090909,"Japanese J. League Division 1 "
"Valencia CF",21300,"Spain Primera Division "
"Valenciennes FC",1680.41237113402,"French Ligue 2 "
"Vålerenga Fotball",1448.71794871795,"Norwegian Eliteserien "
"Varese",0,"Italian Serie B "
"Vegalta Sendai",1184.21052631579,"Japanese J. League Division 1 "
"Vélez Sarsfield",3857.14285714286,"Argentina Primera División  "
"Venezia FC",2285.71428571429,"Italian Serie B "
"Ventforet Kofu",1100,"Japanese J. League Division 1 "
"VfB Stuttgart",10220,"German 2. Bundesliga "
"VfL Bochum 1848",2775.2808988764,"German 2. Bundesliga "
"VfL Osnabrück",1868.42105263158,"German 2. Bundesliga "
"VfL Sportfreunde Lotte",1083.33333333333,"German 3. Bundesliga "
"VfL Wolfsburg",20860.2150537634,"German 1. Bundesliga "
"VfR Aalen",659.090909090909,"German 3. Bundesliga "
"Vicenza",1275.86206896552,"Italian Serie B "
"Viking FK",1229.72972972973,"Norwegian Eliteserien "
"Viktoria Köln",1000,"German 3. Bundesliga "
"Viktoria Plzeň",1000,"Czech Republic Gambrinus Liga "
"Villarreal CF",13217.3913043478,"Spain Primera Division "
"Virtus Entella",1200,"Italian Serie B "
"Vissel Kobe",1309.52380952381,"Japanese J. League Division 1 "
"Vitesse",6223.52941176471,"Holland Eredivisie "
"Vitória",4000,"Campeonato Brasileiro Série A "
"Vitória de Setúbal",3955.05617977528,"Portuguese Liga ZON SAGRES "
"Vitória Guimarães",7672.56637168142,"Portuguese Liga ZON SAGRES "
"VVV-Venlo",2977.27272727273,"Holland Eredivisie "
"Waasland-Beveren",2107.14285714286,"Belgian Jupiler Pro League "
"Wales",0,"International"
"Walsall",1765.21739130435,"English League Two "
"Waterford FC",1064.51612903226,"Rep. Ireland Airtricity League "
"Watford",16389.8305084746,"English Premier League "
"West Bromwich Albion",6565.78947368421,"English League Championship "
"West Ham United",15758.6206896552,"English Premier League "
"Western United FC",1000,"Australian Hyundai A-League "
"Wexford Youths",1000,"Rep. Ireland Airtricity League "
"Wigan Athletic",4556.81818181818,"English League Championship "
"Willem II",2707.07070707071,"Holland Eredivisie "
"Wisła Kraków",1239.43661971831,"Polish T-Mobile Ekstraklasa "
"Wisła Płock",1408.16326530612,"Polish T-Mobile Ekstraklasa "
"Wolfsberger AC",1293.10344827586,"Austrian Football Bundesliga "
"Wolverhampton Wanderers",13470.0854700855,"English Premier League "
"WSG Tirol",1777.77777777778,"Austrian Football Bundesliga "
"Wuhan Zall",2400,"Chinese Super League "
"Wycombe Wanderers",1444.44444444444,"English League One "
"Yeovil Town",1394.73684210526,"English League Two "
"Yokohama F. Marinos",1693.87755102041,"Japanese J. League Division 1 "
